omega,tau,n,m,c_ratio,q,num_seeds,babai_secret_success_rate,avg_time_sec
0.375,0.125,4,4,1.0,17,200,0.55,0.0003539431095123291
0.375,0.125,4,5,1.25,17,200,0.755,0.0010232841968536377
0.375,0.125,4,6,1.5,17,200,0.945,0.0026668310165405273
0.375,0.125,4,7,1.75,17,200,0.995,0.0040213954448699955
0.375,0.125,4,8,2.0,17,200,1.0,0.006394894123077393
0.375,0.125,4,9,2.25,17,200,1.0,0.010102094411849975
0.375,0.125,4,10,2.5,17,200,1.0,0.01537050724029541
0.375,0.125,4,11,2.75,17,200,1.0,0.021489259004592896
0.375,0.125,4,12,3.0,17,200,1.0,0.028878930807113647
0.375,0.125,5,5,1.0,17,200,0.435,0.0005156099796295166
0.375,0.125,5,7,1.25,17,200,0.895,0.0033897757530212402
0.375,0.125,5,8,1.5,17,200,0.98,0.006004630327224731
0.375,0.125,5,9,1.75,17,200,0.995,0.009975141286849976
0.375,0.125,5,10,2.0,17,200,0.995,0.015711429119110106
0.375,0.125,5,12,2.25,17,200,1.0,0.03132428288459778
0.375,0.125,5,13,2.5,17,200,1.0,0.041172679662704464
0.375,0.125,5,14,2.75,17,200,1.0,0.05245062828063965
0.375,0.125,5,15,3.0,17,200,1.0,0.06637839078903199
0.375,0.125,6,6,1.0,17,200,0.41,0.0007235109806060791
0.375,0.125,6,8,1.25,17,200,0.85,0.005106950998306274
0.375,0.125,6,9,1.5,17,200,0.98,0.008818824291229248
0.375,0.125,6,11,1.75,17,200,0.995,0.021842333078384398
0.375,0.125,6,12,2.0,17,200,1.0,0.03143773078918457
0.375,0.125,6,14,2.25,17,200,1.0,0.05576971530914307
0.375,0.125,6,15,2.5,17,200,1.0,0.07263584733009339
0.375,0.125,6,17,2.75,17,200,1.0,0.10927710294723511
0.375,0.125,6,18,3.0,17,200,1.0,0.1324511742591858
0.375,0.125,7,7,1.0,17,200,0.39,0.001023331880569458
0.375,0.125,7,9,1.25,17,200,0.79,0.007698116302490235
0.375,0.125,7,11,1.5,17,200,0.975,0.020784696340560915
0.375,0.125,7,13,1.75,17,200,1.0,0.042874833345413206
0.375,0.125,7,14,2.0,17,200,1.0,0.0582962167263031
0.375,0.125,7,16,2.25,17,200,1.0,0.09480223774909974
0.375,0.125,7,18,2.5,17,200,1.0,0.143574880361557
0.375,0.125,7,20,2.75,17,200,0.995,0.1945338499546051
0.375,0.125,7,21,3.0,17,200,1.0,0.22114849209785462
0.375,0.125,8,8,1.0,17,200,0.365,0.0013514995574951173
0.375,0.125,8,10,1.25,17,200,0.725,0.010491539239883423
0.375,0.125,8,12,1.5,17,200,0.965,0.027839554548263548
0.375,0.125,8,14,1.75,17,200,1.0,0.05512247443199158
0.375,0.125,8,16,2.0,17,200,1.0,0.09630712866783142
0.375,0.125,8,18,2.25,17,200,1.0,0.14789055824279784
0.375,0.125,8,20,2.5,17,200,1.0,0.21065431833267212
0.375,0.125,8,22,2.75,17,200,1.0,0.27642510175704954
0.375,0.125,8,24,3.0,17,200,1.0,0.3402117693424225
0.375,0.125,9,9,1.0,17,200,0.29,0.0017881882190704346
0.375,0.125,9,12,1.25,17,200,0.87,0.023541587591171264
0.375,0.125,9,14,1.5,17,200,0.95,0.05104455351829529
0.375,0.125,9,16,1.75,17,200,0.995,0.09342379927635193
0.375,0.125,9,18,2.0,17,200,0.995,0.1484750270843506
0.375,0.125,9,21,2.25,17,200,0.995,0.25270264863967895
0.375,0.125,9,23,2.5,17,200,1.0,0.33111565113067626
0.375,0.125,9,25,2.75,17,200,1.0,0.4153311121463776
0.375,0.125,9,27,3.0,17,200,1.0,0.5033765840530395
0.375,0.125,10,10,1.0,17,200,0.31,0.0023110783100128173
0.375,0.125,10,13,1.25,17,200,0.78,0.029670108556747437
0.375,0.125,10,15,1.5,17,200,0.93,0.06372510075569153
0.375,0.125,10,18,1.75,17,200,0.975,0.1464991819858551
0.375,0.125,10,20,2.0,17,200,0.99,0.2156984853744507
0.375,0.125,10,23,2.25,17,200,0.985,0.35117647767066956
0.375,0.125,10,25,2.5,17,200,0.985,0.44043073773384095
0.375,0.125,10,28,2.75,17,200,1.0,0.5807961881160736
0.375,0.125,10,30,3.0,17,200,1.0,0.6804825341701508
0.375,0.125,11,11,1.0,17,200,0.235,0.002963416576385498
0.375,0.125,11,14,1.25,17,200,0.685,0.036980541944503786
0.375,0.125,11,17,1.5,17,200,0.92,0.1052418863773346
0.375,0.125,11,20,1.75,17,200,0.985,0.21614534735679627
0.375,0.125,11,22,2.0,17,200,0.98,0.30594550728797915
0.375,0.125,11,25,2.25,17,200,0.99,0.45932345032691957
0.375,0.125,11,28,2.5,17,200,0.995,0.6248491740226746
0.375,0.125,11,31,2.75,17,200,0.985,0.7762661051750183
0.375,0.125,11,33,3.0,17,200,0.995,0.8898216438293457
0.375,0.125,12,12,1.0,17,200,0.225,0.0038432061672210695
0.375,0.125,12,15,1.25,17,200,0.66,0.04515074491500855
0.375,0.125,12,18,1.5,17,200,0.86,0.12773497343063356
0.375,0.125,12,21,1.75,17,200,0.93,0.2560668075084686
0.375,0.125,12,24,2.0,17,200,0.96,0.4203492271900177
0.375,0.125,12,27,2.25,17,200,0.98,0.5973655807971955
0.375,0.125,12,30,2.5,17,200,0.985,0.7716378355026245
0.375,0.125,12,33,2.75,17,200,0.99,0.9448665189743042
0.375,0.125,12,36,3.0,17,200,0.98,1.1288977730274201
0.375,0.125,13,13,1.0,17,200,0.19,0.005123335123062134
0.375,0.125,13,17,1.25,17,200,0.68,0.08396986603736878
0.375,0.125,13,20,1.5,17,200,0.88,0.20000364184379577
0.375,0.125,13,23,1.75,17,200,0.94,0.3608600080013275
0.375,0.125,13,26,2.0,17,200,0.975,0.5494906902313232
0.375,0.125,13,30,2.25,17,200,0.945,0.8347543692588806
0.375,0.125,13,33,2.5,17,200,0.92,1.0195209503173828
0.375,0.125,13,36,2.75,17,200,0.97,1.2173414170742034
0.375,0.125,13,39,3.0,17,200,0.97,1.4543249344825744
0.375,0.125,14,14,1.0,17,200,0.14,0.007542904615402222
0.375,0.125,14,18,1.25,17,200,0.595,0.10940401196479797
0.375,0.125,14,21,1.5,17,200,0.78,0.24658350229263307
0.375,0.125,14,25,1.75,17,200,0.875,0.5068465912342072
0.375,0.125,14,28,2.0,17,200,0.92,0.7489373326301575
0.375,0.125,14,32,2.25,17,200,0.96,1.0367547738552094
0.375,0.125,14,35,2.5,17,200,0.935,1.2745748937129975
0.375,0.125,14,39,2.75,17,200,0.92,1.6030583882331848
0.375,0.125,14,42,3.0,17,200,0.895,3.943404368162155
0.375,0.125,15,15,1.0,17,200,0.175,0.019229702949523926
0.375,0.125,15,19,1.25,17,200,0.52,0.34201871275901796
0.375,0.125,15,23,1.5,17,200,0.79,1.0666590929031372
0.375,0.125,15,27,1.75,17,200,0.89,0.7584709227085114
0.375,0.125,15,30,2.0,17,200,0.9,1.0405201423168182
0.375,0.125,15,34,2.25,17,200,0.9,1.3970187664031983
0.375,0.125,15,38,2.5,17,200,0.89,1.7619037294387818
0.375,0.125,15,42,2.75,17,200,0.88,2.114903812408447
0.375,0.125,15,45,3.0,17,200,0.88,2.420437304973602
0.375,0.125,16,16,1.0,17,200,0.09,0.03057162284851074
0.375,0.125,16,20,1.25,17,200,0.415,0.3121872389316559
0.375,0.125,16,24,1.5,17,200,0.695,0.6860626554489135
0.375,0.125,16,28,1.75,17,200,0.8,1.1684489965438842
0.375,0.125,16,32,2.0,17,200,0.83,1.665625686645508
0.375,0.125,16,36,2.25,17,200,0.835,2.1852868592739103
0.375,0.125,16,40,2.5,17,200,0.855,2.685576955080032
0.375,0.125,16,44,2.75,17,200,0.835,3.2919026112556455
0.375,0.125,16,48,3.0,17,200,0.855,3.84511279463768
0.375,0.25,4,4,1.0,17,200,0.27,0.00035013556480407716
0.375,0.25,4,5,1.25,17,200,0.575,0.0009832024574279786
0.375,0.25,4,6,1.5,17,200,0.865,0.0020359861850738526
0.375,0.25,4,7,1.75,17,200,0.97,0.003775357007980347
0.375,0.25,4,8,2.0,17,200,0.99,0.006408789157867432
0.375,0.25,4,9,2.25,17,200,1.0,0.00998075246810913
0.375,0.25,4,10,2.5,17,200,1.0,0.015330675840377807
0.375,0.25,4,11,2.75,17,200,1.0,0.02110528826713562
0.375,0.25,4,12,3.0,17,200,1.0,0.029691919088363647
0.375,0.25,5,5,1.0,17,200,0.23,0.0005111300945281983
0.375,0.25,5,7,1.25,17,200,0.755,0.003364541530609131
0.375,0.25,5,8,1.5,17,200,0.895,0.00602877140045166
0.375,0.25,5,9,1.75,17,200,0.985,0.009878849983215332
0.375,0.25,5,10,2.0,17,200,0.995,0.015255223512649536
0.375,0.25,5,12,2.25,17,200,1.0,0.03139559745788574
0.375,0.25,5,13,2.5,17,200,1.0,0.04151597499847412
0.375,0.25,5,14,2.75,17,200,1.0,0.05289035201072693
0.375,0.25,5,15,3.0,17,200,1.0,0.06685028553009033
0.375,0.25,6,6,1.0,17,200,0.15,0.0007319259643554688
0.375,0.25,6,8,1.25,17,200,0.615,0.00510739803314209
0.375,0.25,6,9,1.5,17,200,0.875,0.008956302404403687
0.375,0.25,6,11,1.75,17,200,0.985,0.02184201717376709
0.375,0.25,6,12,2.0,17,200,1.0,0.031950291395187375
0.375,0.25,6,14,2.25,17,200,0.995,0.056521836519241336
0.375,0.25,6,15,2.5,17,200,1.0,0.07250732421875
0.375,0.25,6,17,2.75,17,200,1.0,0.11081905961036682
0.375,0.25,6,18,3.0,17,200,1.0,0.13188259720802306
0.375,0.25,7,7,1.0,17,200,0.165,0.0010142302513122558
0.375,0.25,7,9,1.25,17,200,0.55,0.007676247358322143
0.375,0.25,7,11,1.5,17,200,0.885,0.02039350390434265
0.375,0.25,7,13,1.75,17,200,0.985,0.042324695587158206
0.375,0.25,7,14,2.0,17,200,0.995,0.057990337610244753
0.375,0.25,7,16,2.25,17,200,0.995,0.09621643662452697
0.375,0.25,7,18,2.5,17,200,1.0,0.14496806740760804
0.375,0.25,7,20,2.75,17,200,0.995,0.1975131392478943
0.375,0.25,7,21,3.0,17,200,1.0,0.2200127959251404
0.375,0.25,8,8,1.0,17,200,0.135,0.0013614630699157716
0.375,0.25,8,10,1.25,17,200,0.41,0.010450785160064697
0.375,0.25,8,12,1.5,17,200,0.83,0.02763386845588684
0.375,0.25,8,14,1.75,17,200,0.96,0.055264397859573364
0.375,0.25,8,16,2.0,17,200,0.98,0.0981422460079193
0.375,0.25,8,18,2.25,17,200,0.995,0.14871699929237367
0.375,0.25,8,20,2.5,17,200,0.995,0.20969363212585448
0.375,0.25,8,22,2.75,17,200,0.995,0.2727650535106659
0.375,0.25,8,24,3.0,17,200,0.99,0.335327672958374
0.375,0.25,9,9,1.0,17,200,0.055,0.001794203519821167
0.375,0.25,9,12,1.25,17,200,0.51,0.02332392930984497
0.375,0.25,9,14,1.5,17,200,0.845,0.05081623911857605
0.375,0.25,9,16,1.75,17,200,0.945,0.09180087566375733
0.375,0.25,9,18,2.0,17,200,0.96,0.14674153685569763
0.375,0.25,9,21,2.25,17,200,0.97,0.2533495187759399
0.375,0.25,9,23,2.5,17,200,0.975,0.32888208985328676
0.375,0.25,9,25,2.75,17,200,0.99,0.4127563893795013
0.375,0.25,9,27,3.0,17,200,0.975,0.5039871847629547
0.375,0.25,10,10,1.0,17,200,0.065,0.0023011481761932373
0.375,0.25,10,13,1.25,17,200,0.41,0.029608747959136962
0.375,0.25,10,15,1.5,17,200,0.715,0.06343805074691772
0.375,0.25,10,18,1.75,17,200,0.92,0.1447555375099182
0.375,0.25,10,20,2.0,17,200,0.965,0.21472980618476867
0.375,0.25,10,23,2.25,17,200,0.97,0.35096086382865904
0.375,0.25,10,25,2.5,17,200,0.955,0.4358919227123261
0.375,0.25,10,28,2.75,17,200,0.98,0.5759889996051788
0.375,0.25,10,30,3.0,17,200,0.97,0.6773134791851043
0.375,0.25,11,11,1.0,17,200,0.045,0.002979615926742554
0.375,0.25,11,14,1.25,17,200,0.35,0.036535844802856446
0.375,0.25,11,17,1.5,17,200,0.665,0.10634376883506774
0.375,0.25,11,20,1.75,17,200,0.865,0.21529043436050416
0.375,0.25,11,22,2.0,17,200,0.91,0.3057195794582367
0.375,0.25,11,25,2.25,17,200,0.93,0.45876323819160464
0.375,0.25,11,28,2.5,17,200,0.94,0.6182545304298401
0.375,0.25,11,31,2.75,17,200,0.91,0.7681432414054871
0.375,0.25,11,33,3.0,17,200,0.915,0.8785562145709992
0.375,0.25,12,12,1.0,17,200,0.035,0.0037860381603240967
0.375,0.25,12,15,1.25,17,200,0.26,0.04442383289337158
0.375,0.25,12,18,1.5,17,200,0.65,0.12580873012542726
0.375,0.25,12,21,1.75,17,200,0.78,0.2519725441932678
0.375,0.25,12,24,2.0,17,200,0.875,0.41467230081558226
0.375,0.25,12,27,2.25,17,200,0.875,0.5892999494075775
0.375,0.25,12,30,2.5,17,200,0.87,0.7671466016769409
0.375,0.25,12,33,2.75,17,200,0.86,0.945681883096695
0.375,0.25,12,36,3.0,17,200,0.855,1.1154869306087494
0.375,0.25,13,13,1.0,17,200,0.035,0.005056486129760742
0.375,0.25,13,17,1.25,17,200,0.305,0.08355939388275146
0.375,0.25,13,20,1.5,17,200,0.625,0.1973969507217407
0.375,0.25,13,23,1.75,17,200,0.705,0.3548802626132965
0.375,0.25,13,26,2.0,17,200,0.765,0.5449524474143982
0.375,0.25,13,30,2.25,17,200,0.81,0.8320274829864502
0.375,0.25,13,33,2.5,17,200,0.755,1.0122249913215637
0.375,0.25,13,36,2.75,17,200,0.84,1.2119332587718963
0.375,0.25,13,39,3.0,17,200,0.8,1.4455718350410462
0.375,0.25,14,14,1.0,17,200,0.02,0.007546075582504272
0.375,0.25,14,18,1.25,17,200,0.245,0.10876037120819092
0.375,0.25,14,21,1.5,17,200,0.475,0.24482964396476745
0.375,0.25,14,25,1.75,17,200,0.725,0.5036268281936646
0.375,0.25,14,28,2.0,17,200,0.715,0.7412592709064484
0.375,0.25,14,32,2.25,17,200,0.795,1.0254615819454194
0.375,0.25,14,35,2.5,17,200,0.715,1.2734684574604034
0.375,0.25,14,39,2.75,17,200,0.675,1.593398095369339
0.375,0.25,14,42,3.0,17,200,0.675,1.8159761619567871
0.375,0.25,15,15,1.0,17,200,0.005,0.013096283674240112
0.375,0.25,15,19,1.25,17,200,0.13,0.16385279417037965
0.375,0.25,15,23,1.5,17,200,0.45,0.404842392206192
0.375,0.25,15,27,1.75,17,200,0.55,0.7530715739727021
0.375,0.25,15,30,2.0,17,200,0.63,1.0359203338623046
0.375,0.25,15,34,2.25,17,200,0.675,1.4341885423660279
0.375,0.25,15,38,2.5,17,200,0.635,1.7687196743488312
0.375,0.25,15,42,2.75,17,200,0.585,2.1406038200855253
0.375,0.25,15,45,3.0,17,200,0.64,2.43552210688591
0.375,0.25,16,16,1.0,17,200,0.01,0.03009785294532776
0.375,0.25,16,20,1.25,17,200,0.1,0.3145552110671997
0.375,0.25,16,24,1.5,17,200,0.335,0.6869619071483613
0.375,0.25,16,28,1.75,17,200,0.425,1.1697309124469757
0.375,0.25,16,32,2.0,17,200,0.52,1.6655380201339722
0.375,0.25,16,36,2.25,17,200,0.54,2.191037001609802
0.375,0.25,16,40,2.5,17,200,0.505,2.680838634967804
0.375,0.25,16,44,2.75,17,200,0.485,3.2838800716400147
0.375,0.25,16,48,3.0,17,200,0.54,3.8543976068496706
0.5,0.125,4,4,1.0,17,200,0.55,0.00036714315414428713
0.5,0.125,4,5,1.25,17,200,0.755,0.0010185277462005616
0.5,0.125,4,6,1.5,17,200,0.945,0.002060220241546631
0.5,0.125,4,7,1.75,17,200,0.995,0.0038979125022888185
0.5,0.125,4,8,2.0,17,200,1.0,0.007093532085418701
0.5,0.125,4,9,2.25,17,200,1.0,0.010080617666244508
0.5,0.125,4,10,2.5,17,200,1.0,0.015145202875137329
0.5,0.125,4,11,2.75,17,200,1.0,0.021045682430267335
0.5,0.125,4,12,3.0,17,200,1.0,0.028898490667343138
0.5,0.125,5,5,1.0,17,200,0.435,0.0005188953876495362
0.5,0.125,5,7,1.25,17,200,0.895,0.003472970724105835
0.5,0.125,5,8,1.5,17,200,0.98,0.005991297960281372
0.5,0.125,5,9,1.75,17,200,0.995,0.010096952915191651
0.5,0.125,5,10,2.0,17,200,0.995,0.01576118588447571
0.5,0.125,5,12,2.25,17,200,1.0,0.03185058355331421
0.5,0.125,5,13,2.5,17,200,1.0,0.04177026271820068
0.5,0.125,5,14,2.75,17,200,1.0,0.05268088698387146
0.5,0.125,5,15,3.0,17,200,1.0,0.0671277391910553
0.5,0.125,6,6,1.0,17,200,0.43,0.0007352197170257569
0.5,0.125,6,8,1.25,17,200,0.885,0.005179588794708252
0.5,0.125,6,9,1.5,17,200,0.96,0.008944971561431885
0.5,0.125,6,11,1.75,17,200,1.0,0.0219684898853302
0.5,0.125,6,12,2.0,17,200,1.0,0.03160483837127685
0.5,0.125,6,14,2.25,17,200,1.0,0.05598503589630127
0.5,0.125,6,15,2.5,17,200,1.0,0.072531818151474
0.5,0.125,6,17,2.75,17,200,1.0,0.11056222677230836
0.5,0.125,6,18,3.0,17,200,1.0,0.13532018542289734
0.5,0.125,7,7,1.0,17,200,0.39,0.0010122692584991456
0.5,0.125,7,9,1.25,17,200,0.79,0.00760869026184082
0.5,0.125,7,11,1.5,17,200,0.975,0.020386623144149782
0.5,0.125,7,13,1.75,17,200,1.0,0.042343204021453855
0.5,0.125,7,14,2.0,17,200,1.0,0.0581659197807312
0.5,0.125,7,16,2.25,17,200,1.0,0.09446599245071412
0.5,0.125,7,18,2.5,17,200,1.0,0.14256778359413147
0.5,0.125,7,20,2.75,17,200,0.995,0.193932843208313
0.5,0.125,7,21,3.0,17,200,1.0,0.22034749627113343
0.5,0.125,8,8,1.0,17,200,0.365,0.0013622713088989257
0.5,0.125,8,10,1.25,17,200,0.725,0.010442780256271362
0.5,0.125,8,12,1.5,17,200,0.965,0.027577836513519288
0.5,0.125,8,14,1.75,17,200,1.0,0.054854441881179807
0.5,0.125,8,16,2.0,17,200,1.0,0.09582061290740967
0.5,0.125,8,18,2.25,17,200,1.0,0.14678014039993287
0.5,0.125,8,20,2.5,17,200,1.0,0.20870986223220825
0.5,0.125,8,22,2.75,17,200,1.0,0.27475581645965574
0.5,0.125,8,24,3.0,17,200,1.0,0.33596752762794496
0.5,0.125,9,9,1.0,17,200,0.29,0.0017901229858398437
0.5,0.125,9,12,1.25,17,200,0.87,0.023558026552200316
0.5,0.125,9,14,1.5,17,200,0.95,0.05060400247573853
0.5,0.125,9,16,1.75,17,200,0.995,0.09201665878295899
0.5,0.125,9,18,2.0,17,200,0.995,0.1470646619796753
0.5,0.125,9,21,2.25,17,200,0.995,0.2510534715652466
0.5,0.125,9,23,2.5,17,200,1.0,0.32823230147361754
0.5,0.125,9,25,2.75,17,200,1.0,0.4147209167480469
0.5,0.125,9,27,3.0,17,200,1.0,0.4998864388465881
0.5,0.125,10,10,1.0,17,200,0.3,0.0023198652267456053
0.5,0.125,10,13,1.25,17,200,0.79,0.029415374994277953
0.5,0.125,10,15,1.5,17,200,0.92,0.06372132658958435
0.5,0.125,10,18,1.75,17,200,0.99,0.14496927261352538
0.5,0.125,10,20,2.0,17,200,0.995,0.2142283022403717
0.5,0.125,10,23,2.25,17,200,1.0,0.3499942493438721
0.5,0.125,10,25,2.5,17,200,0.99,0.43791439175605773
0.5,0.125,10,28,2.75,17,200,1.0,0.591396814584732
0.5,0.125,10,30,3.0,17,200,0.995,0.6763670563697814
0.5,0.125,11,11,1.0,17,200,0.24,0.0029500579833984376
0.5,0.125,11,14,1.25,17,200,0.715,0.036620975732803346
0.5,0.125,11,17,1.5,17,200,0.935,0.10993861317634583
0.5,0.125,11,20,1.75,17,200,0.98,0.219207239151001
0.5,0.125,11,22,2.0,17,200,0.98,0.3062318289279938
0.5,0.125,11,25,2.25,17,200,0.985,0.46013787150382995
0.5,0.125,11,28,2.5,17,200,0.985,0.6257805478572845
0.5,0.125,11,31,2.75,17,200,0.995,0.7785391402244568
0.5,0.125,11,33,3.0,17,200,0.985,0.8896430373191834
0.5,0.125,12,12,1.0,17,200,0.26,0.003814345598220825
0.5,0.125,12,15,1.25,17,200,0.645,0.045046250820159915
0.5,0.125,12,18,1.5,17,200,0.915,0.12646595120429993
0.5,0.125,12,21,1.75,17,200,0.935,0.2555197143554688
0.5,0.125,12,24,2.0,17,200,0.955,0.41835936188697814
0.5,0.125,12,27,2.25,17,200,0.995,0.5929403567314148
0.5,0.125,12,30,2.5,17,200,0.965,0.7684408855438233
0.5,0.125,12,33,2.75,17,200,0.96,0.9426020359992981
0.5,0.125,12,36,3.0,17,200,0.97,1.121023428440094
0.5,0.125,13,13,1.0,17,200,0.19,0.005122710466384888
0.5,0.125,13,17,1.25,17,200,0.68,0.08297870755195617
0.5,0.125,13,20,1.5,17,200,0.88,0.19780136823654174
0.5,0.125,13,23,1.75,17,200,0.94,0.35708321690559386
0.5,0.125,13,26,2.0,17,200,0.975,0.5463311338424682
0.5,0.125,13,30,2.25,17,200,0.945,0.8320807647705079
0.5,0.125,13,33,2.5,17,200,0.92,1.0208020746707915
0.5,0.125,13,36,2.75,17,200,0.97,1.2121974873542785
0.5,0.125,13,39,3.0,17,200,0.97,1.4477252221107484
0.5,0.125,14,14,1.0,17,200,0.165,0.007560492753982544
0.5,0.125,14,18,1.25,17,200,0.565,0.10883270144462585
0.5,0.125,14,21,1.5,17,200,0.815,0.24483670949935912
0.5,0.125,14,25,1.75,17,200,0.895,0.5052127373218537
0.5,0.125,14,28,2.0,17,200,0.925,0.7439922285079956
0.5,0.125,14,32,2.25,17,200,0.93,1.0334136509895324
0.5,0.125,14,35,2.5,17,200,0.965,1.2743933773040772
0.5,0.125,14,39,2.75,17,200,0.93,1.6084503948688507
0.5,0.125,14,42,3.0,17,200,0.885,1.817823944091797
0.5,0.125,15,15,1.0,17,200,0.135,0.013116693496704102
0.5,0.125,15,19,1.25,17,200,0.5,0.16330983996391296
0.5,0.125,15,23,1.5,17,200,0.755,0.40261269807815553
0.5,0.125,15,27,1.75,17,200,0.83,0.7583833587169647
0.5,0.125,15,30,2.0,17,200,0.88,1.0420576310157776
0.5,0.125,15,34,2.25,17,200,0.895,1.390404840707779
0.5,0.125,15,38,2.5,17,200,0.86,1.7702830588817597
0.5,0.125,15,42,2.75,17,200,0.885,2.1563991367816926
0.5,0.125,15,45,3.0,17,200,0.86,2.5540193450450897
0.5,0.125,16,16,1.0,17,200,0.12,0.030295108556747437
0.5,0.125,16,20,1.25,17,200,0.455,0.31209191799163816
0.5,0.125,16,24,1.5,17,200,0.71,0.6862062990665436
0.5,0.125,16,28,1.75,17,200,0.82,1.163569827079773
0.5,0.125,16,32,2.0,17,200,0.8,1.6677844262123107
0.5,0.125,16,36,2.25,17,200,0.825,2.1822965133190153
0.5,0.125,16,40,2.5,17,200,0.84,2.693546894788742
0.5,0.125,16,44,2.75,17,200,0.825,3.4251670384407045
0.5,0.125,16,48,3.0,17,200,0.84,4.185678100585937
0.5,0.25,4,4,1.0,17,200,0.27,0.0004032027721405029
0.5,0.25,4,5,1.25,17,200,0.575,0.001122838258743286
0.5,0.25,4,6,1.5,17,200,0.865,0.0023748779296875
0.5,0.25,4,7,1.75,17,200,0.97,0.004404637813568115
0.5,0.25,4,8,2.0,17,200,0.99,0.007231353521347046
0.5,0.25,4,9,2.25,17,200,1.0,0.011128878593444825
0.5,0.25,4,10,2.5,17,200,1.0,0.016371084451675413
0.5,0.25,4,11,2.75,17,200,1.0,0.02372596859931946
0.5,0.25,4,12,3.0,17,200,1.0,0.03151663422584534
0.5,0.25,5,5,1.0,17,200,0.23,0.000549851655960083
0.5,0.25,5,7,1.25,17,200,0.755,0.0036701977252960203
0.5,0.25,5,8,1.5,17,200,0.895,0.0064897692203521725
0.5,0.25,5,9,1.75,17,200,0.985,0.010617064237594604
0.5,0.25,5,10,2.0,17,200,0.995,0.016663907766342162
0.5,0.25,5,12,2.25,17,200,1.0,0.0334890604019165
0.5,0.25,5,13,2.5,17,200,1.0,0.04477349519729614
0.5,0.25,5,14,2.75,17,200,1.0,0.05749211311340332
0.5,0.25,5,15,3.0,17,200,1.0,0.07208749175071716
0.5,0.25,6,6,1.0,17,200,0.205,0.0007865691184997559
0.5,0.25,6,8,1.25,17,200,0.62,0.005472171306610108
0.5,0.25,6,9,1.5,17,200,0.85,0.00956049919128418
0.5,0.25,6,11,1.75,17,200,0.99,0.02368914246559143
0.5,0.25,6,12,2.0,17,200,1.0,0.03485964775085449
0.5,0.25,6,14,2.25,17,200,1.0,0.06143963813781738
0.5,0.25,6,15,2.5,17,200,1.0,0.07915045142173767
0.5,0.25,6,17,2.75,17,200,1.0,0.11626497387886048
0.5,0.25,6,18,3.0,17,200,1.0,0.14113835334777833
0.5,0.25,7,7,1.0,17,200,0.165,0.0011241769790649415
0.5,0.25,7,9,1.25,17,200,0.55,0.008822753429412841
0.5,0.25,7,11,1.5,17,200,0.885,0.022890695333480836
0.5,0.25,7,13,1.75,17,200,0.985,0.04636180639266968
0.5,0.25,7,14,2.0,17,200,0.995,0.06318755865097046
0.5,0.25,7,16,2.25,17,200,0.995,0.10472725987434388
0.5,0.25,7,18,2.5,17,200,1.0,0.17218836784362793
0.5,0.25,7,20,2.75,17,200,0.995,0.21297858119010926
0.5,0.25,7,21,3.0,17,200,1.0,0.2413948380947113
0.5,0.25,8,8,1.0,17,200,0.135,0.0014543986320495605
0.5,0.25,8,10,1.25,17,200,0.41,0.01138484001159668
0.5,0.25,8,12,1.5,17,200,0.83,0.03034631609916687
0.5,0.25,8,14,1.75,17,200,0.96,0.06107353687286377
0.5,0.25,8,16,2.0,17,200,0.98,0.10300557374954224
0.5,0.25,8,18,2.25,17,200,0.995,0.15648802518844604
0.5,0.25,8,20,2.5,17,200,0.995,0.22463378548622132
0.5,0.25,8,22,2.75,17,200,0.995,0.3034073603153229
0.5,0.25,8,24,3.0,17,200,0.99,0.3897250247001648
0.5,0.25,9,9,1.0,17,200,0.055,0.0019533240795135496
0.5,0.25,9,12,1.25,17,200,0.51,0.025561776161193848
0.5,0.25,9,14,1.5,17,200,0.845,0.05854816794395447
0.5,0.25,9,16,1.75,17,200,0.945,0.10093052983283997
0.5,0.25,9,18,2.0,17,200,0.96,0.1632113575935364
0.5,0.25,9,21,2.25,17,200,0.97,0.2749385130405426
0.5,0.25,9,23,2.5,17,200,0.975,0.3608900892734528
0.5,0.25,9,25,2.75,17,200,0.99,0.4198129105567932
0.5,0.25,9,27,3.0,17,200,0.975,0.500828378200531
0.5,0.25,10,10,1.0,17,200,0.035,0.002348272800445557
0.5,0.25,10,13,1.25,17,200,0.44,0.02983590364456177
0.5,0.25,10,15,1.5,17,200,0.73,0.06401675581932068
0.5,0.25,10,18,1.75,17,200,0.895,0.14573588132858276
0.5,0.25,10,20,2.0,17,200,0.95,0.21439254641532898
0.5,0.25,10,23,2.25,17,200,0.97,0.35088659763336183
0.5,0.25,10,25,2.5,17,200,0.955,0.44033807396888736
0.5,0.25,10,28,2.75,17,200,0.96,0.5841204524040222
0.5,0.25,10,30,3.0,17,200,0.96,0.677965327501297
0.5,0.25,11,11,1.0,17,200,0.025,0.002946091890335083
0.5,0.25,11,14,1.25,17,200,0.35,0.03670250415802002
0.5,0.25,11,17,1.5,17,200,0.755,0.10594684958457946
0.5,0.25,11,20,1.75,17,200,0.9,0.21516856908798218
0.5,0.25,11,22,2.0,17,200,0.87,0.30582386136054995
0.5,0.25,11,25,2.25,17,200,0.905,0.4558950388431549
0.5,0.25,11,28,2.5,17,200,0.935,0.6233954930305481
0.5,0.25,11,31,2.75,17,200,0.95,0.7743026185035705
0.5,0.25,11,33,3.0,17,200,0.94,0.8959688377380371
0.5,0.25,12,12,1.0,17,200,0.055,0.003815547227859497
0.5,0.25,12,15,1.25,17,200,0.23,0.04598696231842041
0.5,0.25,12,18,1.5,17,200,0.605,0.13140158653259276
0.5,0.25,12,21,1.75,17,200,0.79,0.25812715649604795
0.5,0.25,12,24,2.0,17,200,0.855,0.42532795190811157
0.5,0.25,12,27,2.25,17,200,0.885,0.5991505742073059
0.5,0.25,12,30,2.5,17,200,0.86,0.776236572265625
0.5,0.25,12,33,2.75,17,200,0.86,0.9472521388530731
0.5,0.25,12,36,3.0,17,200,0.87,1.1283067405223846
0.5,0.25,13,13,1.0,17,200,0.035,0.005091004371643067
0.5,0.25,13,17,1.25,17,200,0.305,0.08377145528793335
0.5,0.25,13,20,1.5,17,200,0.625,0.19920840620994568
0.5,0.25,13,23,1.75,17,200,0.705,0.3599985325336456
0.5,0.25,13,26,2.0,17,200,0.765,0.5481055271625519
0.5,0.25,13,30,2.25,17,200,0.81,0.8373576474189758
0.5,0.25,13,33,2.5,17,200,0.755,1.0160784006118775
0.5,0.25,13,36,2.75,17,200,0.84,1.21204620718956
0.5,0.25,13,39,3.0,17,200,0.8,1.45282399892807
0.5,0.25,14,14,1.0,17,200,0.015,0.007594754695892334
0.5,0.25,14,18,1.25,17,200,0.21,0.11005398035049438
0.5,0.25,14,21,1.5,17,200,0.46,0.2467273473739624
0.5,0.25,14,25,1.75,17,200,0.68,0.5023415660858155
0.5,0.25,14,28,2.0,17,200,0.72,0.7512034547328948
0.5,0.25,14,32,2.25,17,200,0.73,1.040283728837967
0.5,0.25,14,35,2.5,17,200,0.725,1.272209770679474
0.5,0.25,14,39,2.75,17,200,0.72,1.6021400022506713
0.5,0.25,14,42,3.0,17,200,0.695,1.8094196403026581
0.5,0.25,15,15,1.0,17,200,0.005,0.013145978450775147
0.5,0.25,15,19,1.25,17,200,0.185,4.485878158807754
0.5,0.25,15,23,1.5,17,200,0.41,1.0442784249782562
0.5,0.25,15,27,1.75,17,200,0.51,12.488738392591477
0.5,0.25,15,30,2.0,17,200,0.565,24.46327271938324
0.5,0.25,15,34,2.25,17,200,0.64,6.968936133384704
0.5,0.25,15,38,2.5,17,200,0.645,1.7751464855670929
0.5,0.25,15,42,2.75,17,200,0.66,2.1170407593250276
0.5,0.25,15,45,3.0,17,200,0.61,21.758728792667387
0.5,0.25,16,16,1.0,17,200,0.01,0.03144620776176452
0.5,0.25,16,20,1.25,17,200,0.14,0.32820130705833434
0.5,0.25,16,24,1.5,17,200,0.39,11.090126564502716
0.5,0.25,16,28,1.75,17,200,0.475,11.295601196289063
0.5,0.25,16,32,2.0,17,200,0.505,26.272098777294158
0.5,0.25,16,36,2.25,17,200,0.53,19.58658605694771
0.5,0.25,16,40,2.5,17,200,0.54,8.050696328878402
0.5,0.25,16,44,2.75,17,200,0.51,51.10108128786087
0.5,0.25,16,48,3.0,17,200,0.48,3.8174279129505155
